model,checkpoint,condition,person_ap,person_ap50,person_ap75,person_ar100,person_recall_iou50_conf025,person_recall_iou75_conf025,precision_iou50_conf025,f1_iou50_conf025,mean_matched_iou,mean_gt_iou_with_misses,fp_per_image_conf025,failure_rate
pretrained_yolo11n,pretrained,clean,0.5326423989499799,0.7714961076896895,0.5685346351199353,0.6464043796975039,0.6563976735732461,0.539076699382043,0.7711936792654281,0.7091801669121256,0.8491755723953247,0.5602323412895203,0.4327544426494346,
pretrained_yolo11n,pretrained,seen,0.520748045471619,0.7579645110818273,0.5537271031577963,0.6389162104481766,0.641312250090876,0.5260814249363868,0.7666485605649104,0.6984017022118858,0.8483436703681946,0.5471590757369995,0.43376413570274636,0.03239651114495362
pretrained_yolo11n,pretrained,unseen,0.5199623923442276,0.7576018908329587,0.5524869962625288,0.6390275586898024,0.6424936386768448,0.5249909123954926,0.7681442850934377,0.6997228820269201,0.8474187254905701,0.5473555326461792,0.43093699515347333,0.03184272462965527
conventional_adv,best_clean_map,clean,0.48974697302819153,0.7381531803326058,0.5145969903579608,0.621508768674028,0.6745728825881497,0.5253544165757906,0.684273598820059,0.6793886143144793,0.8319393992424011,0.5644859671592712,0.6916397415185783,
conventional_adv,best_clean_map,seen,0.4965450054086646,0.72052156434718,0.5271876462480035,0.6319476663264358,0.6893856779352963,0.5498000727008361,0.6332748977377076,0.6601401035548013,0.8395942449569702,0.5820793509483337,0.8871163166397416,0.01589653778795635
conventional_adv,best_clean_map,unseen,0.4935000851892838,0.7350430902132046,0.5202742855634074,0.6226315301104204,0.6796619411123228,0.5331697564521992,0.6722696629213483,0.6759455917574224,0.8339709043502808,0.5703371167182922,0.7362681744749596,0.019803314023979522
conventional_adv,best_seen_map,clean,0.49036594221606394,0.7391275016383112,0.5151937209303631,0.6223438804862206,0.6756633951290439,0.5261723009814613,0.684244432173753,0.6799268404206675,0.8318822979927063,0.5653754472732544,0.6928513731825525,
conventional_adv,best_seen_map,seen,0.4964172522508732,0.7201906884994849,0.5270749736399383,0.6317064118029136,0.6891130498000727,0.549618320610687,0.633183032732131,0.6599651871192341,0.8396711349487305,0.5818825364112854,0.8871163166397416,0.01694687289845326
conventional_adv,best_seen_map,unseen,0.49482012173187984,0.7372267085309419,0.5217450174859913,0.6247935418019858,0.6821155943293348,0.5349872773536896,0.6722192369693714,0.6771312584573749,0.8338592052459717,0.5723277926445007,0.7390953150242326,0.017753866845998657
proposed_v1,best_clean_map,clean,0.48611396658102035,0.7381329601484526,0.5075598988620244,0.6146608518140484,0.6655761541257724,0.5156306797528172,0.710447182073916,0.6872800638108196,0.8320782780647278,0.5565111637115479,0.6027867528271406,
proposed_v1,best_clean_map,seen,0.49831843825266214,0.729204802457847,0.5274530599045906,0.626853484272061,0.6858415121773901,0.5450745183569611,0.6665194736377286,0.6760424598020335,0.8390247225761414,0.5780938863754272,0.7625201938610663,0.015701802293828507
proposed_v1,best_clean_map,unseen,0.48698849119021526,0.7345821281716871,0.5113452120177227,0.6140762735455135,0.670937840785169,0.52453653217012,0.6951977401129944,0.6828523862375139,0.8324354290962219,0.5616500973701477,0.653675282714055,0.0204806116876024
proposed_v1,best_seen_map,clean,0.4854040985471888,0.7372578643392557,0.5068580053210868,0.613770065881043,0.6647582697201018,0.514903671392221,0.7103321033210332,0.6867899727725096,0.8320268988609314,0.5557965040206909,0.6023828756058158,
proposed_v1,best_seen_map,seen,0.49822214939202597,0.729097306025642,0.5273472183368143,0.6267699730908416,0.6857506361323156,0.5449836423118866,0.6664900194311959,0.6759831586491086,0.8390113711357117,0.5780084133148193,0.7625201938610663,0.01572112098427888
proposed_v1,best_seen_map,unseen,0.4871449547713653,0.7354340525738409,0.511434129492932,0.6141597847267329,0.6710287168302436,0.5246274082151945,0.6952264381884945,0.6829132947976879,0.8324500918388367,0.5617355704307556,0.653675282714055,0.020369104579630894
proposed_v2,best_clean_map,clean,0.5255262588856459,0.7681124449296903,0.5606705201343227,0.6432959079521201,0.6706652126499455,0.5407124681933843,0.7379262073792621,0.7026898357533921,0.8433444499969482,0.5687633752822876,0.529281098546042,
proposed_v2,best_clean_map,seen,0.5119703997407241,0.7462284487177295,0.5446158435397425,0.6371624756425722,0.6611232279171211,0.5329880043620502,0.7000577367205543,0.6800336511497476,0.8436965346336365,0.5611549615859985,0.6294426494345718,0.02940379403794038
proposed_v2,best_clean_map,unseen,0.5146755469604171,0.7487476942882445,0.5483193538452004,0.6383130741393709,0.6643947655398037,0.5362595419847328,0.702507927356587,0.6829199943954043,0.8440415859222412,0.5638357400894165,0.6252019386106623,0.027642276422764227
proposed_v2,best_seen_map,clean,0.5253079996950324,0.7668815769249941,0.5607143562257053,0.6413287556833998,0.6657579062159215,0.5385314431115957,0.7472460220318238,0.7041522491349481,0.8442114591598511,0.5650414824485779,0.5004038772213247,
proposed_v2,best_seen_map,seen,0.5119664747815036,0.7457001866468999,0.5453211175385277,0.6358170177229285,0.655852417302799,0.5308978553253363,0.7099852434825381,0.6818460957059851,0.8444772362709045,0.5572062730789185,0.5953150242326333,0.02962052962052962
proposed_v2,best_seen_map,unseen,0.5145849290832049,0.7490693670941857,0.5485120302776357,0.6362438526491603,0.6590330788804071,0.5338967648127954,0.7140606538007089,0.6854442344045368,0.8449589014053345,0.5600442290306091,0.5864297253634895,0.028665028665028666
proposed_v3,best_clean_map,clean,0.5239078096550726,0.7652279587391486,0.5584690105457087,0.6413751507840771,0.6712104689203926,0.542257360959651,0.7359505779194898,0.7020912547528517,0.8429763913154602,0.5691113471984863,0.5351373182552503,
proposed_v3,best_clean_map,seen,0.5288400304970975,0.7622885512569023,0.5651843418717306,0.645309455321518,0.6778444202108325,0.5509814612868048,0.7137116065448282,0.6953157772081099,0.8461582064628601,0.5768371820449829,0.6042003231017771,0.017600866504197128
proposed_v3,best_clean_map,unseen,0.534884815368552,0.7654279193925109,0.5720564244765738,0.6483344158856824,0.6837513631406761,0.5600690657942566,0.7136488665465237,0.6983802849584629,0.8479451537132263,0.5831958055496216,0.6096526655896607,0.017465475223395612
proposed_v3,best_seen_map,clean,0.5230799460125458,0.7642296875690768,0.5576704968530128,0.6402895054282267,0.6703017084696474,0.5415303525990549,0.7359074129502146,0.7015741665477719,0.8429813385009766,0.5683485865592957,0.5345315024232633,
proposed_v3,best_seen_map,seen,0.52851909793674,0.7611720582281047,0.5648777684102694,0.6448547833348798,0.6775717920756089,0.5507088331515813,0.7138343705122068,0.6952305468786424,0.8461456894874573,0.5765979886054993,0.60359450726979,0.01762472885032538
proposed_v3,best_seen_map,unseen,0.5343488639680544,0.764225016057224,0.5716232378345876,0.6477776746775541,0.683387858960378,0.5597055616139586,0.7136756192464648,0.6982034260247899,0.8479411602020264,0.5828847885131836,0.6092487883683361,0.01762472885032538
